product_id,store_id,brand_id,WMAPE
1,0,0,0.6482232291915098
3,2,0,0.5499877481009556
0,1,0,0.5300526380217898
4,0,1,0.5234366260208076
4,2,1,0.5205736348593492
